{
    "cam_5": {
        "11": [
            -1.4141338828682942e-07, 
            0.00045218136470616117, 
            -0.8067846258224305, 
            627.2201040287932
        ], 
        "10": [
            -1.1138615948195554e-08, 
            0.00019151422889130887, 
            -0.21210883696605698, 
            915.5776956368284
        ], 
        "12": [
            8.263102614025055e-06, 
            -0.004847396869376656, 
            -0.2423620884726245, 
            529.9134116810537
        ], 
        "6_0": [
            -2.504203656882812e-05, 
            0.047983254432525456, 
            -30.790757984506005, 
            6773.829352616709
        ], 
        "6_1": [
            6.052767718519178e-06, 
            -0.014195309370603044, 
            11.81016024840609, 
            -2812.8895737347607
        ], 
        "1": [
            -0.00017905925736411393, 
            0.017695230620301646, 
            -1.7287030195187936, 
            366.120912253042
        ], 
        "3": [
            1.802109555117526e-07, 
            -0.0005352017123311313, 
            0.36072786939767154, 
            179.09588255001302
        ], 
        "2": [
            -2.2758061324451367e-07, 
            0.000518990791560774, 
            0.33542416659168695, 
            188.65375265607358
        ], 
        "5": [
            1.397291039471408e-07, 
            4.6694340914966766e-05, 
            -0.4568339307691934, 
            363.58977345176015
        ], 
        "4": [
            1.6900529142421127e-06, 
            -0.0024925008977356366, 
            1.039030370803261, 
            34.33996761226001
        ], 
        "7": [
            -2.9743157868584744e-05, 
            0.08124080935498847, 
            -72.59062765327616, 
            21483.36698843708
        ], 
        "9": [
            -1.1253070748717857e-07, 
            0.0006963265345912479, 
            -0.4369694549901146, 
            399.3850044434399
        ], 
        "8": [
            -8.075768925105529e-09, 
            0.0003659228797573348, 
            -0.06918932603053492, 
            162.37982095258653
        ]
    }, 
    "cam_4": {
        "12_0": [
            -4.599586864022604e-06, 
            0.003075503177815391, 
            -1.0624296555866324, 
            475.2309537371281
        ], 
        "12_1": [
            -1.2949081420055022e-05, 
            0.01869839914313502, 
            -8.06873937621132, 
            1215.3684657305612
        ], 
        "6_0": [
            -7.144316071369199e-06, 
            0.01725004015105994, 
            -13.9086887688082, 
            3881.348490999107
        ], 
        "6_1": [
            1.3489636075554043e-06, 
            -0.004093194773061727, 
            4.756080961427658, 
            -1510.704691470122
        ], 
        "10": [
            2.867669298857075e-08, 
            0.00030145412839772024, 
            -0.53589603048878, 
            873.22231118118
        ], 
        "1": [
            -2.212116451974399e-05, 
            0.004215924981289593, 
            -0.7438737851065761, 
            304.6422642080649
        ], 
        "3": [
            -7.999779879770668e-09, 
            -0.00010460783096938552, 
            0.21717946765409898, 
            87.17564759770875
        ], 
        "2": [
            4.426837788719171e-08, 
            6.492415106991757e-05, 
            0.33433422536699425, 
            67.62152155716323
        ], 
        "5": [
            3.9447306452870045e-09, 
            0.00029232054264159533, 
            -0.4832610262677123, 
            321.5114638433845
        ], 
        "4": [
            7.017034919262197e-07, 
            -0.001212716362624489, 
            0.6056803699873132, 
            34.97271604648924
        ], 
        "11": [
            -1.8587927928628413e-08, 
            0.00013813775269106134, 
            -0.5807575418575354, 
            687.8639275324458
        ], 
        "9": [
            -2.6700687228598923e-07, 
            0.0008522108868521776, 
            -0.4887776817062828, 
            307.0504048740248
        ], 
        "8": [
            2.0899514069849287e-08, 
            0.00018408148551658348, 
            0.061295698810920354, 
            84.5477091742213
        ], 
        "7_1": [
            -7.07189418602119e-05, 
            0.2348378848551303, 
            -259.73951579267407, 
            95885.7433986683
        ], 
        "7_0": [
            -1.4221890848094799e-06, 
            0.004155157477172469, 
            -3.086209439628913, 
            621.1700452457517
        ]
    }, 
    "cam_7": {
        "11": [
            -1.713310999723593e-08, 
            3.867790735377065e-05, 
            0.058166188172157025, 
            485.13200977382894
        ], 
        "12": [
            -4.088286659951723e-07, 
            0.0005157678106897149, 
            -0.12925355429306487, 
            485.9161933110597
        ], 
        "7": [
            -2.384982030443955e-05, 
            0.07576832490977338, 
            -80.12116529221979, 
            28785.91427342422
        ], 
        "6": [
            -2.2350325268717894e-06, 
            0.004832191953829693, 
            -3.324302250734335, 
            1220.5675458337118
        ], 
        "9_1": [
            3.376427233677845e-07, 
            -0.00021239179906453875, 
            0.10938542632047536, 
            419.69450728997685
        ], 
        "9_0": [
            0.0014882700762257886, 
            -3.2442950778642445, 
            2357.2523438603785, 
            -570330.3748629255
        ], 
        "1": [
            -1.6035651779979649e-06, 
            0.0005434553275351534, 
            0.015849914226956325, 
            415.6915911951768
        ], 
        "3": [
            7.274298865664772e-06, 
            -0.01799228115947747, 
            14.955388262790725, 
            -3684.671728257964
        ], 
        "2": [
            1.9148788781375394e-05, 
            -0.028399432708014642, 
            12.692825587460728, 
            -1148.0518858243734
        ], 
        "5": [
            -2.462297387438233e-08, 
            8.152599962494235e-05, 
            0.025439113947795047, 
            423.73689032447186
        ], 
        "4": [
            9.816581149320021e-06, 
            -0.031876151575948405, 
            34.58069975388036, 
            -12026.733158465755
        ], 
        "10_0": [
            1.4108167080143953e-06, 
            -0.0008504403056831335, 
            0.27210834967591424, 
            420.28574956719865
        ], 
        "10_1": [
            -8.973671352810396e-06, 
            0.006966082334547263, 
            -2.4990194764791265, 
            958.0250892588705
        ], 
        "8": [
            -0.0007523868540844752, 
            2.08935447675379, 
            -1935.934226319787, 
            599061.451179693
        ]
    }, 
    "cam_6": {
        "11": [
            -1.1674390401488435e-08, 
            5.585682690756446e-05, 
            -0.26083640533965763, 
            595.1340774267377
        ], 
        "10": [
            -2.618534012089287e-07, 
            0.0007093809233047437, 
            -0.18583407736319743, 
            602.0129330806383
        ], 
        "12": [
            -3.924887359924581e-07, 
            -0.0007909348392827185, 
            -0.3211987862934965, 
            447.9911854125086
        ], 
        "6_0": [
            1.0737229101159323e-05, 
            -0.029749646117465563, 
            28.11312619306732, 
            -8153.983171512587
        ], 
        "6_1": [
            -0.029651758683345623, 
            65.50114162694983, 
            -48229.94877346337, 
            11837773.485837307
        ], 
        "6_2": [
            -7.605633942139982e-05, 
            0.19878867509808001, 
            -173.03822777663427, 
            50442.37549862139
        ],