{
    "cam_15": {
        "1": [
            1711.2191162109375, 
            658.0, 
            1916.0, 
            1040.0001220703125
        ], 
        "2": [
            720.0, 
            215.0, 
            853.0, 
            291.0
        ]
    }, 
    "cam_14": {
        "1": [
            5.0, 
            1023.0, 
            245.0, 
            1455.3736572265625
        ], 
        "2": [
            1906.0, 
            1414.0, 
            2313.0, 
            1589.0
        ]
    }, 
    "cam_17": {
        "1": [
            829.268310546875, 
            917.0, 
            1320.9755859375, 
            1069.268310546875
        ], 
        "2": [
            985.3658447265624, 
            222.4390106201172, 
            1289.756103515625, 
            328.0
        ]
    }, 
    "cam_16": {
        "1": [
            279.0, 
            884.0, 
            829.2683410644531, 
            1069.0
        ], 
        "3": [
            29.0, 
            360.9756164550781, 
            208.78048706054688, 
            511.2195129394531
        ], 
        "2": [
            881.951171875, 
            208.7804718017578, 
            1135.6096801757812, 
            302.0
        ]
    }, 
    "cam_11": {
        "1": [
            1.9512195587158203, 
            608.7804565429688, 
            48.780487060546875, 
            721.951171875
        ], 
        "3": [
            1616.0, 
            685.0, 
            1913.0, 
            1084.0
        ], 
        "2": [
            103.41463470458984, 
            960.0, 
            698.5365600585938, 
            1071.0
        ], 
        "4": [
            1453.6585693359375, 
            337.56097412109375, 
            1890.731689453125, 
            440.9756164550781
        ]
    }, 
    "cam_10": {
        "1": [
            3.9024391174316406, 
            519.0243530273438, 
            58.53658676147461, 
            685.0
        ], 
        "3": [
            1655.0, 
            673.0, 
            1912.0, 
            1081.0
        ], 
        "2": [
            133.0, 
            969.756103515625, 
            824.9999771118164, 
            1069.268310546875
        ], 
        "4": [
            1527.804931640625, 
            324.0, 
            1910.243896484375, 
            386.0
        ]
    }, 
    "cam_13": {
        "1": [
            4.0, 
            460.48779296875, 
            289.0, 
            628.0
        ], 
        "3": [
            1694.0, 
            583.0, 
            1918.0, 
            1070.0
        ], 
        "2": [
            661.4634399414062, 
            743.0, 
            1041.951171875, 
            1065.3658447265625
        ], 
        "4": [
            1817.0, 
            702.4390258789062, 
            1914.0, 
            1075.0
        ]
    }, 
    "cam_12": {
        "1": [
            4.0, 
            370.731689453125, 
            193.1707305908203, 
            501.0
        ], 
        "3": [
            1726.8292236328125, 
            289.0, 
            1914.0, 
            925.0
        ], 
        "2": [
            51.0, 
            876.0975341796875, 
            835.0, 
            1069.0
        ], 
        "5": [
            5.8536505699157715, 
            333.6585388183594, 
            84.0, 
            640.0
        ], 
        "4": [
            35.0, 
            960.0, 
            803.9024353027344, 
            1073.1707763671875
        ], 
        "6": [
            1135.6097412109375, 
            183.4146423339844, 
            1578.53662109375, 
            245.85365295410156
        ]
    }, 
    "cam_19": {
        "1": [
            602.756103515625, 
            806.0, 
            948.2926635742188, 
            1051.707275390625
        ], 
        "3": [
            113.0, 
            587.3170776367188, 
            470.0, 
            740.0
        ], 
        "2": [
            1153.1707763671875, 
            368.7804565429687, 
            1350.243896484375, 
            520.9755859375
        ]
    }, 
    "cam_18": {
        "1": [
            241.9512176513672, 
            882.0, 
            606.8292846679688, 
            1073.0
        ], 
        "2": [
            944.3902587890624, 
            283.0, 
            1153.1707763671875, 
            418.0
        ]
    }, 
    "cam_5": {
        "11": [
            703.7722778320312, 
            162.27757263183594, 
            860.92529296875, 
            298.932373046875
        ], 
        "10": [
            763.5587158203125, 
            599.5729370117188, 
            995.8718872070312, 
            847.259765625
        ], 
        "12": [
            264.7686767578125, 
            143.48753356933594, 
            409.96441650390625, 
            218.64767456054688
        ], 
        "1": [
            5.1245551109313965, 
            322.84698486328125, 
            94.0, 
            436.0
        ], 
        "3": [
            714.0213623046875, 
            162.27757263183594, 
            857.5089111328125, 
            273.3096008300781
        ], 
        "2": [
            765.0, 
            604.697509765625, 
            1012.9537353515624, 
            854.0
        ], 
        "5": [
            8.540925025939941, 
            319.43060302734375, 
            94.0, 
            437.0
        ], 
        "4": [
            278.4341735839844, 
            148.61209106445312, 
            391.17437744140625, 
            205.0
        ], 
        "7": [
            744.7686767578125, 
            193.0, 
            926.0, 
            283.5587158203125
        ], 
        "6": [
            792.597900390625, 
            601.2811279296875, 
            1009.5374145507812, 
            809.6797485351562
        ], 
        "9": [
            3.416370153427124, 
            312.5978698730469, 
            119.57295989990234, 
            437.2953796386719
        ], 
        "8": [
            266.47686767578125, 
            145.1957244873047, 
            403.1316833496094, 
            216.9394989013672
        ]
    }, 
    "cam_4": {
        "11": [
            902.3596801757812, 
            185.23214721679688, 
            1062.2789306640625, 
            294.2680358886719
        ], 
        "10": [
            904.78271484375, 
            552.319580078125, 
            1097.4127197265625, 
            698.9122924804688
        ], 
        "12": [
            280.85516357421875, 
            89.52287292480469, 
            382.6219787597656, 
            158.5789337158203
        ], 
        "1": [
            139.1085205078125, 
            199.770263671875, 
            181.51136779785156, 
            251.8651885986328
        ], 
        "3": [
            913.2632446289062, 
            190.07818603515625, 
            1034.4141845703125, 
            270.037841796875
        ], 
        "2": [
            959.0, 
            490.0, 
            1092.566650390625, 
            641.9713134765625
        ], 
        "5": [
            140.32003784179688, 
            185.23214721679688, 
            208.16458129882812, 
            263.98028564453125
        ], 
        "4": [
            280.85516357421875, 
            94.36891174316406, 
            368.0838623046875, 
            150.09835815429688
        ], 
        "7": [
            944.7625122070312, 
            182.8091278076172, 
            1078.028564453125, 
            280.94140625
        ], 
        "6": [
            936.2819213867188, 
            473.5714721679687, 
            1099.8358154296875, 
            651.6633911132812
        ], 
        "9": [
            141.5315399169922, 
            191.28968811035156, 
            219.0681610107422, 
            263.98028564453125
        ], 
        "8": [
            285.7012023925781, 
            93.15740203857422, 
            375.3529357910156, 
            150.09835815429688
        ]
    },