{   "cam_1":{"inter_val": 20, "min_angle": 6, "min_dis": 0.85},
    "cam_1_dawn": {"inter_val": 20, "min_angle": 5.02445920260456, "min_dis": 1.63656899604831},
    "cam_1_rain": {"inter_val": 20, "min_angle": 6, "min_dis": 2},
    "cam_2":{"inter_val":20 , "min_angle": 4.84663175892769, "min_dis": 0.495199186296673},
    "cam_2_rain": {"inter_val": 20, "min_dis": 1.0, "min_angle": 8.0},
    "cam_3": {"inter_val": 20, "min_angle": 80, "min_dis": 0.5},
    "cam_3_rain": {"inter_val": 28, "min_angle": 4, "min_dis": 0.6},
    "cam_4": {"inter_val": 20, "min_angle": 37.8763106651313, "min_dis": 1.14931545874101},
    "cam_4_dawn":{"inter_val": 15, "min_angle": 25, "min_dis": 3},
    "cam_4_rain":{"inter_val": 20, "min_angle": 10, "min_dis": 1},
    "cam_5": {"inter_val": 20, "min_angle": 35, "min_dis": 0.6},
    "cam_5_dawn": {"inter_val": 18, "min_angle": 16.8502117700494, "min_dis": 0.560024496684251},
    "cam_5_rain":{"inter_val": 20, "min_angle": 45, "min_dis": 1},
    "cam_6":{"inter_val": 20, "min_angle": 34, "min_dis": 51},
    "cam_6_snow": {"inter_val": 15, "min_angle": 33, "min_dis": 1},
    "cam_7": {"inter_val": 20, "min_angle": 50.45719875122296, "min_dis": 2.092453763337602},
    "cam_7_rain": {"inter_val": 16, "min_angle": 46.224593071893864, "min_dis": 2.863800040808595},
    "cam_7_dawn": {"inter_val": 30, "min_angle": 12, "min_dis": 6},
    "cam_8": {"inter_val": 25, "min_angle": 20, "min_dis": 4},
    "cam_9": {"inter_val": 30, "min_angle": 20, "min_dis": 1},
    "cam_10": {"inter_val": 20, "min_angle": 90, "min_dis": 92},
    "cam_11": {"inter_val": 18, "min_angle": 35.839987050377104, "min_dis": 5.111673760308953},
    "cam_12": {"inter_val": 40, "min_angle": 52, "min_dis": 16},
    "cam_13": {"inter_val": 20, "min_angle": 21, "min_dis": 2},
    "cam_14": {"inter_val": 20, "min_angle": 92, "min_dis": 100},
    "cam_15": {"inter_val": 20, "min_angle": 140, "min_dis": 6},
    "cam_16": {"inter_val": 20, "min_angle": 56.41586995134421, "min_dis": 13.030392840088338},
    "cam_17": {"inter_val": 10, "min_angle": 40.87507372211098, "min_dis": 4.52274921453539},
    "cam_18": {"inter_val": 30, "min_angle": 40, "min_dis": 9},
    "cam_19": {"inter_val": 20, "min_angle": 30.6883736073831, "min_dis": 10.7810107010631},
    "cam_20": {"inter_val": 20, "min_angle": 44.33192278189258, "min_dis": 8.248152068670365}
}
