{   "cam_1":{"inter_val": 20, "min_angle": 72, "min_dis": 76},
    "cam_1_dawn": {"inter_val": 20, "min_angle": 6.024459202604563, "min_dis": 3.6365689960483136},
    "cam_1_rain": {"inter_val": 20, "min_angle": 6.5570976300319685, "min_dis": 1.5556406841263493},
    "cam_2":{"inter_val": 20, "min_angle": 8.84663175892769, "min_dis": 0.4951991862966726},
    "cam_2_rain": {"inter_val": 20, "min_dis": 1.0, "min_angle": 10.0},
    "cam_3": {"inter_val": 30, "min_angle": 90, "min_dis": 70},
    "cam_3_rain": {"inter_val": 20, "min_angle": 13.333387829929144, "min_dis": 9.690919468144957},
    "cam_4": {"inter_val": 20, "min_angle": 37.876310665131314, "min_dis": 5.149315458741014},
    "cam_4_dawn":{"inter_val": 20, "min_angle": 18.41732015759453, "min_dis": 3.775754881750218},
    "cam_4_rain":{"inter_val": 20, "min_angle": 24.548828084718213, "min_dis": 2.7199719348366163},
    "cam_5": {"inter_val": 20, "min_angle": 29.721908013726065, "min_dis": 0.8443167656422944},
    "cam_5_dawn": {"inter_val": 20, "min_angle": 28.850211770049405, "min_dis": 1.660024496684251},
    "cam_5_rain":{"inter_val": 20, "min_angle": 32.91908932923813, "min_dis": 3.2187254179007825},
    "cam_6":{"inter_val": 20, "min_angle": 74, "min_dis": 71},
    "cam_6_snow": {"inter_val": 20, "min_angle": 33.777107591231314, "min_dis": 3.840846438483574},
    "cam_7": {"inter_val": 20, "min_angle": 50.45719875122296, "min_dis": 2.092453763337602},
    "cam_7_rain": {"inter_val": 30, "min_angle": 44.224593071893864, "min_dis": 4.863800040808595},
    "cam_7_dawn": {"inter_val": 30, "min_angle": 17.626871466788277, "min_dis": 4.045116911280988},
    "cam_8": {"inter_val": 20, "min_angle": 25.672666870208904, "min_dis": 4.360276514266404},
    "cam_9": {"inter_val": 30, "min_angle": 26.539037936020495, "min_dis": 1.7245867662891534},
    "cam_10": {"inter_val": 20, "min_angle": 90, "min_dis": 92},
    "cam_11": {"inter_val": 20, "min_angle": 42.839987050377104, "min_dis": 17.111673760308953},
    "cam_12": {"inter_val": 40, "min_angle": 61, "min_dis": 22},
    "cam_13": {"inter_val": 20, "min_angle": 24.450556949480305, "min_dis": 4.2962408899934985},
    "cam_14": {"inter_val": 20, "min_angle": 92, "min_dis": 100},
    "cam_15": {"inter_val": 20, "min_angle": 93, "min_dis": 10},
    "cam_16": {"inter_val": 20, "min_angle": 56.41586995134421, "min_dis": 13.030392840088338},
    "cam_17": {"inter_val": 10, "min_angle": 19.87507372211098, "min_dis": 3.242749214535395},
    "cam_18": {"inter_val": 30, "min_angle": 40.619039185256014, "min_dis": 9.594748832458208},
    "cam_19": {"inter_val": 20, "min_angle": 62.68837360738313, "min_dis": 13.781010701063115},
    "cam_20": {"inter_val": 20, "min_angle": 57.33192278189258, "min_dis": 10.248152068670365}
}