{
  "cam_1": {'inter_val': 20, 'min_angle': 14.267321294675083, 'min_dis': 8.854310023979501},
  "cam_11": {'inter_val': 20, 'min_angle': 42.839987050377104, 'min_dis': 17.111673760308953},
  "cam_18": {'inter_val': 20, 'min_angle': 41.785144097488526, 'min_dis': 9.989109092248004},
  "cam_20": {
        "inter_val": 20,
        "min_angle": 90.732316864882,
        "min_dis": 90.112094652315974
    }
}