{
    "cam_15": [
        310.6300000000001,
        310.4300000000001
    ],
    "cam_14": [
        90.28999999999996,
        40.57999999999993
    ], 
    "cam_17": [
        220.17000000000007,
        210.79000000000008
    ], 
    "cam_16": [
        240.83000000000015,
        245.87
    ], 
    "cam_11": [
        190.05,
        190.49
    ], 
    "cam_10": [
        240.05,
        300.49
    ], 
    "cam_13": [
        100.05,
        80.49
    ], 
    "cam_12": [
        200.05,
        200.49
    ], 
    "cam_19": [
        100.96000000000004,
        100.0300000000001
    ], 
    "cam_18": [
        190.96000000000004,
        190.0300000000001
    ],
    "cam_5_rain": [
        99.29999999999998,
        140.53999999999996
    ],
    "cam_5_dawn": [
        80.1,
        160.1
    ],
    "cam_5": [
        90.59999999999998,
        140.53999999999996
    ],
    "cam_4_rain": [
        110.92000000000007,
        50.09
    ],
    "cam_4": [
        205.92000000000007,
        165.09
    ],
    "cam_4_dawn": [
        200.92000000000007,
        200.09
    ],
    "cam_7_rain": [
        63.5,
        73.5
    ],
    "cam_7": [
        73.75999999999999,
        73.70000000000005
    ],
    "cam_7_dawn": [
        63.75999999999999,
        73.70000000000005
    ],
    "cam_6": [
        400.13,
        230.02999999999997
    ],
    "cam_6_snow": [
        405.13,
        235.02999999999997
    ],
    "cam_1": [
        72.48000000000002,
        38.579999999999984
    ],
    "cam_1_rain": [
        75.48000000000002,
        75.579999999999984
    ],
    "cam_1_dawn": [
        52.000000000002,
        52.9999999999984
    ],
    "cam_3": [
        100.19,
        100.98000000000002
    ],
    "cam_3_rain": [
        100.19,
        100.98000000000002
    ],
    "cam_2_rain": [
        120.43000000000006,
        80.99
    ],
    "cam_2": [
        60.43000000000006,
        40.99
    ],
    "cam_9": [
        364.1,
        314.1
    ], 
    "cam_8": [
        330.10000000000014,
        430.2199999999999
    ], 
    "cam_20": [
        400.77,
        400.3499999999999
    ]
}