{
    "cam_15": [
        0.6300000000001,
        0.4300000000001
    ],
    "cam_14": [
        0.28999999999996,
        0.57999999999993
    ], 
    "cam_17": [
        0.17000000000007,
        0.79000000000008
    ], 
    "cam_16": [
        0.83000000000015,
        0.87
    ], 
    "cam_11": [
        0.05,
        0.49
    ], 
    "cam_10": [
        0.05,
        0.49
    ], 
    "cam_13": [
        0.05,
        0.49
    ], 
    "cam_12": [
        0.05,
        0.49
    ], 
    "cam_19": [
        0.96000000000004,
        0.0300000000001
    ], 
    "cam_18": [
        0.96000000000004,
        0.0300000000001
    ],
    "cam_5_rain": [
        0.29999999999998,
        0.53999999999996
    ],
    "cam_5_dawn": [
        0.1,
        0.1
    ],
    "cam_5": [
        0.59999999999998,
        0.53999999999996
    ],
    "cam_4_rain": [
        110.92000000000007,
        50.09
    ],
    "cam_4": [
        205.92000000000007,
        165.09
    ],
    "cam_4_dawn": [
        200.92000000000007,
        200.09
    ],
    "cam_7_rain": [
        0.5,
        0.5
    ],
    "cam_7": [
        0.75999999999999,
        0.70000000000005
    ],
    "cam_7_dawn": [
        0.75999999999999,
        0.70000000000005
    ],
    "cam_6": [
        0.13,
        0.02999999999997
    ],
    "cam_6_snow": [
        0.13,
        0.02999999999997
    ],
    "cam_1": [
        0.48000000000002,
        0.579999999999984
    ],
    "cam_1_rain": [
        0.48000000000002,
        0.579999999999984
    ],
    "cam_1_dawn": [
        0.000000000002,
        0.9999999999984
    ],
    "cam_3": [
        0.19,
        0.98000000000002
    ],
    "cam_3_rain": [
        0.19,
        0.98000000000002
    ],
    "cam_2_rain": [
        0.43000000000006,
        0.99
    ],
    "cam_2": [
        0.43000000000006,
        0.99
    ],
    "cam_9": [
        0.1,
        0.1
    ], 
    "cam_8": [
        0.10000000000014,
        0.2199999999999
    ], 
    "cam_20": [
        0.77,
        0.3499999999999
    ]
}