{
    "cam_15": [
        624.6300000000001, 
        577.4300000000001
    ], 
    "cam_14": [
        90.28999999999996,
        40.57999999999993
    ], 
    "cam_17": [
        220.17000000000007,
        210.79000000000008
    ], 
    "cam_16": [
        240.83000000000015,
        245.87
    ], 
    "cam_11": [
        200.05,
        200.49
    ], 
    "cam_10": [
        80.05,
        80.49
    ], 
    "cam_13": [
        100.05,
        80.49
    ], 
    "cam_12": [
        200.05,
        200.49
    ], 
    "cam_19": [
        100.96000000000004,
        100.0300000000001
    ], 
    "cam_18": [
        190.96000000000004,
        190.0300000000001
    ], 
    "cam_5_rain": [
        110.29999999999998,
        150.53999999999996
    ],
    "cam_5_dawn": [
        160.29999999999998,
        250.53999999999996
    ],
    "cam_5": [
        160.29999999999998,
        250.53999999999996
    ],
    "cam_4_rain": [
        110.92000000000007,
        50.09
    ],
    "cam_4": [
        218.92000000000007,
        66.09
    ],
    "cam_4_dawn": [
        200.92000000000007,
        200.09
    ],
    "cam_7_rain": [
        63.5,
        73.5
    ],
    "cam_7": [
        63.75999999999999,
        73.70000000000005
    ],
    "cam_7_dawn": [
        63.75999999999999,
        73.70000000000005
    ],
    "cam_6": [
        405.13,
        235.02999999999997
    ],
    "cam_6_snow": [
        405.13,
        235.02999999999997
    ],
    "cam_1": [
        72.48000000000002,
        38.579999999999984
    ],
    "cam_1_rain": [
        72.48000000000002,
        38.579999999999984
    ],
    "cam_1_dawn": [
        0.48000000000002,
        0.579999999999984
    ],
    "cam_3": [
        170.19,
        100.98000000000002
    ],
    "cam_3_rain": [
        140.19,
        70.98000000000002
    ],
    "cam_2_rain": [
        90.43000000000006,
        65.99
    ],
    "cam_2": [
        60.43000000000006,
        40.99
    ],
    "cam_9": [
        100.1,
        100.1
    ], 
    "cam_8": [
        380.10000000000014,
        380.2199999999999
    ], 
    "cam_20": [
        290.77,
        290.3499999999999
    ]
}