{
  "cam_11": {
    "2": [
      [
        679, 
        309
      ], 
      [
        683, 
        349
      ], 
      [
        679, 
        374
      ], 
      [
        671, 
        409
      ], 
      [
        663, 
        451
      ], 
      [
        652, 
        499
      ], 
      [
        642, 
        529
      ], 
      [
        629, 
        570
      ], 
      [
        612, 
        612
      ], 
      [
        600, 
        654
      ], 
      [
        583, 
        696
      ], 
      [
        566, 
        734
      ], 
      [
        550, 
        782
      ], 
      [
        531, 
        819
      ], 
      [
        506, 
        872
      ], 
      [
        483, 
        911
      ], 
      [
        451, 
        949
      ]
    ], 
    "3": [
      [
        767, 
        307
      ], 
      [
        803, 
        332
      ], 
      [
        834, 
        359
      ], 
      [
        847, 
        397
      ], 
      [
        880, 
        451
      ], 
      [
        907, 
        485
      ], 
      [
        943, 
        518
      ], 
      [
        991, 
        550
      ], 
      [
        1039, 
        577
      ], 
      [
        1095, 
        596
      ], 
      [
        1152, 
        616
      ], 
      [
        1208, 
        627
      ], 
      [
        1292, 
        640
      ], 
      [
        1336, 
        652
      ], 
      [
        1399, 
        656
      ], 
      [
        1470, 
        675
      ], 
      [
        1551, 
        679
      ], 
      [
        1604, 
        683
      ], 
      [
        1687, 
        690
      ], 
      [
        1756, 
        694
      ]
    ], 
    "2_1": [
      [
        558, 
        307
      ], 
      [
        539, 
        338
      ], 
      [
        520, 
        368
      ], 
      [
        491, 
        403
      ], 
      [
        468, 
        430
      ], 
      [
        437, 
        464
      ], 
      [
        412, 
        487
      ], 
      [
        382, 
        516
      ], 
      [
        347, 
        558
      ], 
      [
        317, 
        593
      ], 
      [
        280, 
        631
      ], 
      [
        242, 
        671
      ], 
      [
        217, 
        690
      ], 
      [
        192, 
        729
      ], 
      [
        150, 
        784
      ], 
      [
        123, 
        819
      ]
    ],
    "1": [
            [
                533.3333129882812, 
                301.17645263671875
            ], 
            [
                510.3267822265625, 
                328.3659973144531
            ], 
            [
                478.9542541503906, 
                353.46405029296875
            ], 
            [
                447.5816955566406, 
                376.4705810546875
            ], 
            [
                418.3006591796875, 
                395.2940979003906
            ], 
            [
                382.7450866699219, 
                420.39215087890625
            ], 
            [
                349.2810363769531, 
                441.30718994140625
            ], 
            [
                315.8169860839844, 
                462.2221984863281
            ], 
            [
                278.169921875, 
                483.1372375488281
            ], 
            [
                238.43136596679688, 
                504.0522766113281
            ], 
            [
                194.5098114013672, 
                527.058837890625
            ], 
            [
                152.6797332763672, 
                547.9738159179688
            ], 
            [
                108.75817108154295, 
                566.79736328125
            ], 
            [
                69.01960754394531, 
                585.6209106445312
            ], 
            [
                23.00653648376465, 
                600.2614135742188
            ]
        ]
  }
}