{
  "cam_10": {

        "2_2": [
            [
                830.3267822265625, 
                282.3529357910156
            ], 
            [
                821.9607543945312, 
                309.54248046875
            ], 
            [
                809.4117431640625, 
                338.8235168457031
            ], 
            [
                796.8627319335938, 
                376.4705810546875
            ], 
            [
                784.313720703125, 
                407.8431396484375
            ], 
            [
                771.7647094726562, 
                435.03265380859375
            ], 
            [
                761.3071899414062, 
                472.6797180175781
            ], 
            [
                750.8496704101562, 
                510.3267822265625
            ], 
            [
                740.3921508789062, 
                547.9738159179688
            ], 
            [
                725.7516479492188, 
                596.0784301757812
            ], 
            [
                713.20263671875, 
                633.7254638671875
            ], 
            [
                700.653564453125, 
                671.37255859375
            ], 
            [
                688.1045532226562, 
                717.3856201171875
            ], 
            [
                673.4640502929688, 
                761.3071899414062
            ], 
            [
                665.0980224609375, 
                801.0457153320312
            ], 
            [
                654.6405029296875, 
                842.8757934570312
            ], 
            [
                646.2745361328125, 
                888.8888549804688
            ], 
            [
                635.8170166015625, 
                936.9934692382812
            ], 
            [
                623.2679443359375, 
                974.6405029296876
            ], 
            [
                614.9019775390625, 
                1014.3790893554688
            ]
        ], 
        "2_1": [
            [
                665.0980224609375, 
                265.62091064453125
            ], 
            [
                640, 
                292.8104553222656
            ], 
            [
                616.9934692382812, 
                317.9084777832031
            ], 
            [
                591.8954467773438, 
                345.0980224609375
            ], 
            [
                566.79736328125, 
                372.2875671386719
            ], 
            [
                539.6078491210938, 
                397.3856201171875
            ], 
            [
                512.4182739257812, 
                426.6666564941406
            ], 
            [
                489.4117736816406, 
                455.94769287109375
            ], 
            [
                462.22222900390625, 
                489.4117431640625
            ], 
            [
                441.30718994140625, 
                516.601318359375
            ], 
            [
                409.93463134765625, 
                554.2483520507812
            ], 
            [
                389.0196228027344, 
                585.6209106445312
            ], 
            [
                361.830078125, 
                616.9934692382812
            ], 
            [
                336.7320251464844, 
                650.45751953125
            ], 
            [
                315.8169860839844, 
                677.6470336914062
            ], 
            [
                290.7189636230469, 
                711.111083984375
            ], 
            [
                265.62091064453125, 
                740.3921508789062
            ], 
            [
                240.5228729248047, 
                769.6732177734375
            ], 
            [
                215.42483520507812, 
                807.3202514648438
            ], 
            [
                192.41830444335935, 
                844.96728515625
            ], 
            [
                165.228759765625, 
                878.4313354492188
            ], 
            [
                140.13072204589844, 
                918.169921875
            ], 
            [
                110.84967041015624, 
                951.6339721679688
            ], 
            [
                87.8431396484375, 
                993.4640502929688
            ], 
            [
                62.74509811401367, 
                1039.4771728515625
            ]
        ], 
        "1": [
            [
                556.33984375, 
                265.62091064453125
            ], 
            [
                520.7843017578125, 
                292.8104553222656
            ], 
            [
                491.5032653808594, 
                307.4509582519531
            ], 
            [
                464.313720703125, 
                330.45751953125
            ], 
            [
                432.941162109375, 
                347.1895446777344
            ], 
            [
                405.7516479492187, 
                366.0130615234375
            ], 
            [
                374.3790893554687, 
                384.8365783691406
            ], 
            [
                330.45751953125, 
                405.7516174316406
            ], 
            [
                299.0849609375, 
                424.5751647949219
            ], 
            [
                255.16339111328125, 
                443.398681640625
            ], 
            [
                211, 
                462
            ], 
            [
                171.50326538085938, 
                476.86273193359375
            ], 
            [
                133.85621643066406, 
                489.4117431640625
            ], 
            [
                98.30065155029295, 
                504.0522766113281
            ], 
            [
                50.19607925415039, 
                522.8757934570312
            ]
        ],