{
  "cam_7": {
    "12": [
      [
        482, 
        487
      ], 
      [
        499, 
        488
      ], 
      [
        516, 
        492
      ], 
      [
        536, 
        491
      ], 
      [
        556, 
        494
      ], 
      [
        584, 
        496
      ], 
      [
        601, 
        497
      ], 
      [
        625, 
        499
      ], 
      [
        641, 
        499
      ], 
      [
        666, 
        500
      ], 
      [
        687, 
        500
      ], 
      [
        711, 
        504
      ], 
      [
        724, 
        506
      ], 
      [
        743, 
        505
      ], 
      [
        763, 
        504
      ], 
      [
        777, 
        505
      ], 
      [
        795, 
        502
      ], 
      [
        811, 
        502
      ], 
      [
        829, 
        501
      ], 
      [
        842, 
        499
      ], 
      [
        870, 
        496
      ], 
      [
        895, 
        488
      ], 
      [
        916, 
        479
      ], 
      [
        929, 
        461
      ]
    ], 
        "9": [
            [
                748.9251098632812, 
                661.3681030273438
            ], 
            [
                742.6710205078125, 
                631.6612548828125
            ], 
            [
                742.6710205078125, 
                605.0814208984375
            ], 
            [
                750.4885864257812, 
                573.8110961914062
            ], 
            [
                737.98046875, 
                544.104248046875
            ], 
            [
                709.837158203125, 
                533.1596069335938
            ], 
            [
                680.1303100585938, 
                530.0325927734375
            ], 
            [
                653.5504760742188, 
                515.9609375
            ], 
            [
                617.589599609375, 
                506.5798034667969
            ], 
            [
                581.628662109375, 
                501.8892517089844
            ], 
            [
                542.5407104492188, 
                498.76220703125
            ], 
            [
                500.32574462890625, 
                495.63519287109375
            ], 
            [
                464.36480712890625, 
                492.5081481933594
            ], 
            [
                425.2768859863281, 
                487.8175964355469
            ], 
            [
                390.8794860839844, 
                484.6905517578125
            ], 
            [
                359.609130859375, 
                481.5635070800781
            ], 
            [
                331.4657897949219, 
                480
            ], 
            [
                293.9413757324219, 
                480
            ], 
            [
                261.10748291015625, 
                476.8729553222656
            ], 
            [
                223.58306884765625, 
                476.8729553222656
            ], 
            [
                187.6221466064453, 
                473.7459411621094
            ], 
            [
                148.53419494628906, 
                470.618896484375
            ], 
            [
                107.88273620605467, 
                465.9283447265625
            ], 
            [
                70.35830688476562, 
                462.8013000488281
            ], 
            [
                37.52442932128906, 
                461.23779296875
            ], 
            [
                6.2540717124938965, 
                459.67425537109375
            ]
        ], 
    "5": [
      [
        1201, 
        559
      ], 
      [
        1174, 
        555
      ], 
      [
        1141, 
        550
      ], 
      [
        1106, 
        550
      ], 
      [
        1073, 
        545
      ], 
      [
        1044, 
        538
      ], 
      [
        1009, 
        538
      ], 
      [
        976, 
        536
      ], 
      [
        944, 
        533
      ], 
      [
        873, 
        523
      ], 
      [
        822, 
        516
      ], 
      [
        784, 
        513
      ], 
      [
        747, 
        511
      ], 
      [
        710, 
        508
      ], 
      [
        684, 
        504
      ], 
      [
        649, 
        499
      ], 
      [
        611, 
        499
      ], 
      [
        577, 
        492
      ], 
      [
        528, 
        491
      ], 
      [
        491, 
        477
      ], 
      [
        468, 
        477
      ], 
      [
        417, 
        482
      ], 
      [
        363, 
        480
      ], 
      [
        334, 
        480
      ], 
      [
        295, 
        475
      ], 
      [
        261, 
        472
      ], 
      [
        217, 
        475
      ], 
      [
        181, 
        470
      ], 
      [
        127, 
        468
      ], 
      [
        103, 
        467
      ], 
      [
        66, 
        463
      ], 
      [
        37, 
        462
      ]
    ], 
    "6": [
      [
        1214, 
        564
      ], 
      [
        1185, 
        562
      ], 
      [
        1158, 
        560
      ], 
      [
        1138, 
        553
      ], 
      [
        1106, 
        552
      ], 
      [
        1072, 
        550
      ], 
      [
        1051, 
        545
      ], 
      [
        1017, 
        545
      ], 
      [
        985, 
        542
      ], 
      [
        963, 
        538
      ], 
      [
        936, 
        538
      ], 
      [
        907, 
        535
      ], 
      [
        886, 
        535
      ], 
      [
        856, 
        536
      ], 
      [
        832, 
        536
      ], 
      [
        810, 
        535
      ], 
      [
        788, 
        531
      ], 
      [
        742, 
        531
      ], 
      [
        705, 
        530
      ], 
      [
        677, 
        523
      ], 
      [
        643, 
        525
      ], 
      [
        616, 
        526
      ], 
      [
        582, 
        526
      ], 
      [
        545, 
        526
      ], 
      [
        509, 
        533
      ], 
      [
        484, 
        538
      ], 
      [
        460, 
        547
      ], 
      [
        441, 
        564
      ], 
      [
        429, 
        579
      ], 
      [
        417, 
        604
      ], 
      [
        394, 
        625
      ]
    ], 
    "8_1": [
      [
        895, 
        669
      ], 
      [
        902, 
        638
      ], 
      [
        907, 
        613
      ], 
      [
        919, 
        578
      ], 
      [
        926, 
        553
      ], 
      [
        941, 
        533
      ], 
      [
        946, 
        506
      ], 
      [
        960, 
        485
      ], 
      [
        968, 
        455
      ],
      [972,446],
[978,432],
[986,420],
[996,400],
[1006,388],
[1016,372],
[1026,358],
[1032,346],
[1044,336],
[1054,320],
[1064,310],
[1072,296]
    ], 
    "8_2": [
      [
        790, 
        660
      ], 
      [
        805, 
        632
      ], 
      [
        817, 
        606
      ], 
      [
        830, 
        582
      ], 
      [
        841, 
        555
      ], 
      [
        849, 
        533
      ], 
      [
        861, 
        513
      ], 
      [
        871, 
        491
      ], 
      [
        881, 
        470
      ], 
      [
        895, 
        446
      ], 
      [
        907, 
        431
      ],
      [912,430],
[918,418],
[926,408],
[938,398],
[944,386],
[950,374],
[962,362],
[968,354],
[980,342],
[992,328],
[1008,314],
[1014,302],
[1020,294]
    ],